Name,Phone
Rahul Sharma,919820123456
Priya Patel,919892345678
Arun Kumar,919819876543
Sneha Iyer,919876543210
Vikram Malhotra,919988776655
Ananya Sen,919845012345
Rohan Gupta,919711223344
Deepika Verma,919823456789
Amitabh Deshmukh,919833445566
Kavita Reddy,919844556677
Sanjay Joshi,919855667788
Meera Nair,919866778899
Alok Mehta,919877889900
Pooja Choudhury,919888990011
Karthik Raja,919899001122
Sunita Agarwal,919900112233
Manish Bansal,919911223344
Ritu Saxena,919922334455
Harish Chandra,919933445566
Neha Singhal,919944556677
Abhishek Roy,919955667788
Divya Menon,919966778899
Rajesh Kulkarni,919977889900
Swati Bhat,919988990011
Gaurav Khanna,919999001122

